name,sub_type,n_distinct,n_miss,n_negative,n_zeros,25%,50%,75%,count,max,mean,min,std,sample_0,sample_1,sample_2,sample_3,sample_4,sample_5,sample_6,sample_7,sample_8,sample_9
SK_ID_BUREAU,int64,817395 (2.99%),0 (0.00%),0 (0.00%),0 (0.00%),5730933.0,6070821.0,6431951.0,27299925.0,6842888.0,6036297.332973552,5001709.0,492348.8569041263,5162830,5115417,5999691,5898774,5797891,6492595,6809852,6053213,6169803,6686363
MONTHS_BALANCE,int64,97 (0.00%),0 (0.00%),26688960 (97.76%),610965 (2.24%),-46.0,-25.0,-11.0,27299925.0,0.0,-30.74168665298531,-96.0,23.86450897786614,-26,-39,-69,-25,-36,-1,-43,-27,-15,-30
STATUS,object,8 (0.00%),0 (0.00%),0 (0.00%),0 (0.00%),0.0,0.0,0.0,0.0,0.0,0.0,0.0,0.0,X,1,X,X,C,C,0,C,C,0
