name,sub_type,n_distinct,n_miss,n_negative,n_zeros,25%,50%,75%,count,max,mean,min,std,sample_0,sample_1,sample_2,sample_3,sample_4,sample_5,sample_6,sample_7,sample_8,sample_9
SK_ID_PREV,int64,936325 (9.36%),0 (0.00%),0 (0.00%),0 (0.00%),1434405.0,1896565.0,2368963.0,10001358.0,2843499.0,1903216.5989568618,1000001.0,535846.5307218095,2749119,1439762,2404083,1417828,1975679,2465369,2059772,1570568,2313395,2556181
SK_ID_CURR,int64,337252 (3.37%),0 (0.00%),0 (0.00%),0 (0.00%),189550.0,278654.0,367429.0,10001358.0,456255.0,278403.8633055631,100001.0,102763.74508967654,136725,412165,394468,230896,290188,301648,415723,432016,154158,280427
MONTHS_BALANCE,int64,96 (0.00%),0 (0.00%),10001358 (100.00%),0 (0.00%),-54.0,-28.0,-13.0,10001358.0,-1.0,-35.012587990550884,-96.0,26.066569967493336,-40,-11,-24,-6,-63,-12,-2,-92,-21,-22
CNT_INSTALMENT,float64,73 (0.00%),26071 (0.26%),0 (0.00%),0 (0.00%),10.0,12.0,24.0,9975287.0,92.0,17.089650453164907,1.0,11.995055980422476,12.0,12.0,10.0,8.0,10.0,36.0,12.0,10.0,60.0,18.0
CNT_INSTALMENT_FUTURE,float64,79 (0.00%),26087 (0.26%),0 (0.00%),1185960 (11.86%),3.0,7.0,14.0,9975271.0,85.0,10.483840388897706,0.0,11.10905766897002,1.0,3.0,10.0,8.0,1.0,17.0,1.0,10.0,51.0,17.0
NAME_CONTRACT_STATUS,object,9 (0.00%),0 (0.00%),0 (0.00%),0 (0.00%),0.0,0.0,0.0,0.0,0.0,0.0,0.0,0.0,Active,Active,Active,Active,Active,Active,Active,Active,Active,Active
SK_DPD,int64,3400 (0.03%),0 (0.00%),0 (0.00%),9706131 (97.05%),0.0,0.0,0.0,10001358.0,4231.0,11.606928279139693,0.0,132.71404349209618,0,0,0,0,0,0,0,0,0,0
SK_DPD_DEF,int64,2307 (0.02%),0 (0.00%),0 (0.00%),9887389 (98.86%),0.0,0.0,0.0,10001358.0,3595.0,0.654468423188131,0.0,32.7624905433615,0,0,0,0,0,0,0,0,0,0
