name,sub_type,n_distinct,n_miss,n_negative,n_zeros,25%,50%,75%,count,max,mean,min,std,sample_0,sample_1,sample_2,sample_3,sample_4,sample_5,sample_6,sample_7,sample_8,sample_9
SK_ID_PREV,int64,997752 (7.33%),0 (0.00%),0 (0.00%),0 (0.00%),1434191.0,1896520.0,2369094.0,13605401.0,2843499.0,1903364.9695492988,1000001.0,536202.9055458903,1434286.0,1613995.0,1503494.0,2674608.0,2473148.0,1289371.0,2177228.0,1157537.0,1515366.0,1767561.0
SK_ID_CURR,int64,339587 (2.50%),0 (0.00%),0 (0.00%),0 (0.00%),189639.0,278685.0,367530.0,13605401.0,456255.0,278444.88173821557,100001.0,102718.3104114916,149429.0,178204.0,371770.0,124632.0,355290.0,369565.0,131844.0,114883.0,369258.0,315860.0
NUM_INSTALMENT_VERSION,float64,65 (0.00%),0 (0.00%),0 (0.00%),4082498 (30.01%),0.0,1.0,1.0,13605401.0,178.0,0.8566373016127933,0.0,1.035215735650642,1.0,1.0,1.0,1.0,0.0,1.0,1.0,1.0,2.0,1.0
NUM_INSTALMENT_NUMBER,int64,277 (0.00%),0 (0.00%),0 (0.00%),0 (0.00%),4.0,8.0,19.0,13605401.0,277.0,18.87089583026623,1.0,26.66406689703415,5.0,7.0,8.0,1.0,63.0,5.0,3.0,1.0,15.0,5.0
DAYS_INSTALMENT,float64,2922 (0.02%),0 (0.00%),13605401 (100.00%),0 (0.00%),-1654.0,-818.0,-361.0,13605401.0,-1.0,-1042.2699916011295,-2922.0,800.9462842779695,-401.0,-2258.0,-410.0,-553.0,-1816.0,-775.0,-395.0,-616.0,-450.0,-727.0
DAYS_ENTRY_PAYMENT,float64,3039 (0.02%),2905 (0.02%),13602496 (99.98%),0 (0.00%),-1662.0,-827.0,-370.0,13602496.0,-1.0,-1051.1136840621016,-4921.0,800.5858832920865,-413.0,-2264.0,-412.0,-558.0,-1829.0,-791.0,-399.0,-630.0,-466.0,-735.0
AMT_INSTALMENT,float64,902539 (6.63%),0 (0.00%),0 (0.00%),290 (0.00%),4226.085,8884.08,16710.21,13605401.0,3771487.845,17050.906988963343,0.0,50570.254428747074,11093.265,24049.755,4783.995,20123.865,7875.0,16708.59,11968.74,12440.79,294150.6,10495.8
AMT_PAYMENT,float64,944235 (6.94%),2905 (0.02%),0 (0.00%),1440 (0.01%),3398.265,8125.515,16108.425,13602496.0,3771487.845,17238.22324958399,0.0,54735.78398108888,11093.265,24049.755,4783.995,20123.865,7875.0,16708.59,11968.74,12440.79,294150.6,10495.8
