name,sub_type,n_distinct,n_miss,n_negative,n_zeros,25%,50%,75%,count,max,mean,min,std,sample_0,sample_1,sample_2,sample_3,sample_4,sample_5,sample_6,sample_7,sample_8,sample_9
SK_ID_CURR,int64,48744 (100.00%),0 (0.00%),0 (0.00%),0 (0.00%),188557.75,277549.0,367555.5,48744.0,456250.0,277796.67634990974,100001.0,103169.54729627115,262887.0,279679.0,340511.0,256663.0,261967.0,359353.0,364403.0,423087.0,115680.0,370913.0
TARGET,float64,1 (0.00%),0 (0.00%),0 (0.00%),0 (0.00%),0.5,0.5,0.5,48744.0,0.5,0.5,0.5,0.0,0.5,0.5,0.5,0.5,0.5,0.5,0.5,0.5,0.5,0.5
